"","CountryCode","Fertility_rate_total_births_per_woman","Fertilizer_consumption_kilograms_per_hectare_of_arable_land","Malnutrition_prevalence_height_for_age_._of_children_under_5","Malnutrition_prevalence_height_for_age_female_._of_children_under_5","Malnutrition_prevalence_height_for_age_male_._of_children_under_5","Malnutrition_prevalence_weight_for_age_._of_children_under_5","Malnutrition_prevalence_weight_for_age_female_._of_children_under_5","Malnutrition_prevalence_weight_for_age_male_._of_children_under_5","Mortality_rate_infant_female_per_1000_live_births","Mortality_rate_infant_male_per_1000_live_births","Mortality_rate_infant_per_1000_live_births","Mortality_rate_neonatal_per_1000_live_births","Number_of_infant_deaths","Population_ages_0.14_._of_total","Population_ages_15.64_._of_total","Population_ages_65_and_above_._of_total","Population_Total","Prevalence_of_overweight_._of_children_under_5","Prevalence_of_overweight_female_._of_children_under_5","Prevalence_of_overweight_male_._of_children_under_5","Prevalence_of_undernourishment_._of_population","Prevalence_of_wasting_._of_children_under_5","Prevalence_of_wasting_female_._of_children_under_5","Prevalence_of_wasting_male_._of_children_under_5","Urban_population_._of_total","Wanted_fertility_rate_births_per_woman"
"1","ABW",1.681,NA,NA,NA,NA,NA,NA,NA,NA,NA,NA,NA,NA,19.94745255,69.03129578,11.02027702,102384,NA,NA,NA,NA,NA,NA,NA,46.9658,NA
"2","ADO",1.22,NA,NA,NA,NA,NA,NA,NA,2.4,2.8,2.6,0.8,NA,NA,NA,NA,78360,NA,NA,NA,NA,NA,NA,NA,86.749,NA
"3","AFG",5.141,4.25551848,59.29999924,58.5,60,32.90000153,33,32.70000076,66.8,74.8,71,36,73000,47.41543579,50.3073349,2.277222395,29824536,4.599999905,2.599999905,6.300000191,NA,8.600000381,9.300000191,7.900000095,23.8554,NA
"4","AGO",5.979,2.002926829,29.20000076,26.10000038,32.40000153,15.60000038,14.60000038,16.60000038,91.4,107.3,99.5,45.4,90000,47.58179855,50.01420975,2.40399313,20820525,5.300000191,5.5,5.099999905,24.4,8.199999809,8.100000381,8.199999809,59.9062,NA
"5","ALB",1.76,83.30990415,23.10000038,23.39999962,22.79999924,6.300000191,6,6.599999905,13.6,16.3,15,8.2,1000,21.32954788,68.10437775,10.56613636,2801681,23.39999962,23.39999962,23.29999924,NA,9.399999619,7.300000191,11.5,54.4472,1.4
"6","ARB",3.233401748,91.39985532,NA,NA,NA,NA,NA,NA,26.32016806,31.72680398,29.10872195,17.65963546,NA,32.82603777,63.01437174,4.159585863,362466629,NA,NA,NA,9.722600709,NA,NA,NA,57.18566251,NA
"7","ARE",1.82,674.9011858,NA,NA,NA,NA,NA,NA,6.4,7.9,7.2,5,1000,14.41183281,85.23086548,0.357313126,9205651,NA,NA,NA,5,NA,NA,NA,84.6212,NA
"8","ARG",2.188,40.42174275,8.199999809,8.100000381,8.199999809,2.299999952,2.200000048,2.400000095,11.3,14.1,12.7,7.5,9000,24.41505241,64.75757599,10.8273735,41086927,9.899999619,9.5,10.19999981,5,1.200000048,1.399999976,1.100000024,92.6406,NA
"9","ARM",1.739,25.91304348,20.79999924,19.89999962,21.70000076,5.300000191,5.900000095,4.699999809,13,16.3,14.7,10.1,1000,20.34498215,69.34475708,10.31026077,2969081,16.79999924,14.60000038,18.79999924,5,4.199999809,3.299999952,4.900000095,64.1636,1.6
"10","ASM",NA,NA,NA,NA,NA,NA,NA,NA,NA,NA,NA,NA,NA,NA,NA,NA,55128,NA,NA,NA,NA,NA,NA,NA,93.4296,NA
"11","ATG",2.102,3,NA,NA,NA,NA,NA,NA,8.2,10.1,9.2,5.5,NA,25.35786819,67.50160217,7.141654015,89069,NA,NA,NA,13.9,NA,NA,NA,29.8672,NA
"12","AUS",1.927,46.31648186,1.799999952,NA,NA,0.200000003,NA,NA,3.6,4.6,4.1,2.8,1000,18.94627571,67.06570435,13.98803043,22723900,8,NA,NA,NA,NA,NA,NA,89.3372,NA
"13","AUT",1.44,108.1542398,NA,NA,NA,NA,NA,NA,3,3.7,3.3,2.4,NA,14.51326275,67.23709869,18.24962807,8429991,NA,NA,NA,NA,NA,NA,NA,67.8808,NA
"14","AZE",2,9.954885622,26.79999924,24.89999962,28.5,8.399999619,8,8.699999809,28.6,32.9,30.8,15,5000,22.246418,72.06813049,5.685480118,9295784,13.89999962,12.69999981,14.89999962,5,6.800000191,5.699999809,7.800000191,53.8886,1.8
"15","BDI",6.123,3.304347826,57.5,53.09999847,61.70000076,29.10000038,26.10000038,32,59.6,73.9,66.9,35.5,29000,44.19589233,53.36549377,2.438614368,9849569,2.900000095,2.599999905,3.099999905,67.3,6.099999905,5.599999905,6.599999905,11.214,4.2
"16","BEL",1.79,NA,NA,NA,NA,NA,NA,NA,3,3.7,3.4,2.4,1000,16.88110352,65.48615265,17.6327877,11128246,NA,NA,NA,NA,NA,NA,NA,97.5148,NA
"17","BEN",4.927,0.46496063,44.70000076,41.59999847,47.90000153,20.20000076,17.60000038,22.70000076,53.9,62.9,58.5,27.8,21000,42.95103836,54.16282272,2.886126757,10050702,11.39999962,11.30000019,11.60000038,6.1,8.399999619,7.800000191,9,45.5592,4.3
"18","BFA",5.693,9.4285,35.09999847,32.79999924,37.40000153,26.20000076,24.70000076,27.70000076,60.1,71.1,65.8,27.5,43000,45.66417313,51.88666916,2.449152708,16460141,2.799999952,2.900000095,2.700000048,25,15.39999962,14.39999962,16.5,27.351,5.2
"19","BGD",2.208,184.3689446,41.40000153,42.09999847,40.70000076,36.79999924,38.79999924,34.79999924,30.3,35.7,33.1,24.4,102000,30.57365036,64.71382141,4.712532043,154695368,1.899999976,2.099999905,1.700000048,16.3,15.69999981,15.30000019,16,28.8864,1.6
"20","BGR",1.5,97.14483192,8.800000191,12,5.300000191,1.600000024,1.899999976,1.299999952,9.4,11.6,10.5,6.6,1000,13.53070736,67.54784393,18.9214344,7305888,13.60000038,12.60000038,14.80000019,NA,3.200000048,3.099999905,3.400000095,73.6392,NA
"21","BHR",2.094,1953.676471,NA,NA,NA,NA,NA,NA,8,8.4,8.2,3.6,NA,20.1646347,77.71611786,2.11909461,1317827,NA,NA,NA,NA,NA,NA,NA,88.7564,NA
"22","BHS",1.893,NA,NA,NA,NA,NA,NA,NA,12.8,14.9,13.9,7.7,NA,21.62194824,70.9595108,7.41880846,371960,NA,NA,NA,5.6,NA,NA,NA,84.4476,NA
"23","BIH",1.268,21.89541833,8.899999619,8.899999619,8.899999619,1.5,1.299999952,1.799999952,5.2,6.4,5.8,4.3,1000,16.34608078,68.19667053,15.45730305,3833916,17.39999962,18,16.70000076,NA,2.299999952,2.400000095,2.299999952,48.813,NA
"24","BLR",1.62,270.4607046,4.5,4.199999809,4.699999809,1.299999952,1,1.5,3.4,4.4,3.9,2.5,1000,15.10427761,71.12935638,13.76635456,9464000,9.699999809,8.100000381,11.30000019,NA,2.200000048,1.600000024,2.799999952,75.4282,NA
"25","BLZ",2.715,49.42666667,19.29999924,20,18.60000038,6.199999809,6.599999905,5.699999809,14,17.4,15.7,8.6,NA,34.39980316,61.67098618,3.929519176,324060,7.900000095,7.099999905,8.600000381,6.4,3.299999952,3.400000095,3.200000048,44.5898,NA
"26","BMU",1.76,NA,NA,NA,NA,NA,NA,NA,NA,NA,NA,NA,NA,NA,NA,NA,64798,NA,NA,NA,NA,NA,NA,NA,100,NA
"27","BOL",3.264,9.025360384,27.20000076,26.20000076,28.10000038,4.5,4,4.900000095,29.3,36.2,32.8,18.9,9000,35.23257065,59.93885422,4.828584671,10496285,8.699999809,8.100000381,9.199999809,21.3,1.399999976,0.800000012,2,67.2238,2
"28","BRA",1.811,142.4850045,7.099999905,5.800000191,8.300000191,2.200000048,2.099999905,2.200000048,11.2,14.5,12.9,9.2,37000,24.56795883,68.13129425,7.300748825,198656019,7.300000191,7.699999809,6.900000095,6.9,1.600000024,1.399999976,1.799999952,84.8714,NA
"29","BRB",1.845,147.3636364,NA,NA,NA,NA,NA,NA,15.4,18.4,16.9,9.5,NA,18.99258804,70.38425446,10.62315273,283221,NA,NA,NA,5,NA,NA,NA,44.9102,NA
"30","BRN",2.012,575.3333333,NA,NA,NA,NA,NA,NA,6.1,7.3,6.7,4.4,NA,25.75478172,70.20289612,4.04208231,412238,NA,NA,NA,5,NA,NA,NA,76.3242,NA
"31","BTN",2.275,10.553814,33.59999847,33.70000076,33.59999847,12.80000019,12.30000019,13.39999962,32,39.1,35.7,21.2,1000,28.534338,66.7688446,4.697083473,741822,7.599999905,7.599999905,7.5,NA,5.900000095,5.5,6.199999809,36.3406,NA
"32","BWA",2.665,NA,31.39999962,28.70000076,34,11.19999981,10.19999981,12.10000038,36.6,44.8,41,28.5,2000,33.75011826,62.67961121,3.570170403,2003910,11.19999981,11.10000038,11.30000019,25.7,7.199999809,6.800000191,7.5,62.2526,NA
"33","CAF",4.451,NA,45.09999847,42.5,47.70000076,28,25.39999962,30.60000038,83.4,97.7,90.7,40.9,14000,40.06562042,56.08392715,3.850407839,4525209,8.5,9.100000381,7.900000095,28.2,12.19999981,11.10000038,13.30000019,39.3522,NA
"34","CAN",1.61,66.92822084,NA,NA,NA,NA,NA,NA,4.3,5,4.7,3.5,2000,16.36568069,68.81270599,14.82162094,34754312,NA,NA,NA,NA,NA,NA,NA,80.7696,NA
"35","CHE",1.52,218.5262898,NA,NA,NA,NA,NA,NA,3.4,4,3.7,3.2,NA,14.79190922,67.76459503,17.44350815,7996861,NA,NA,NA,NA,NA,NA,NA,73.7816,NA
"36","CHI",1.451,NA,NA,NA,NA,NA,NA,NA,NA,NA,NA,NA,NA,15.01659107,68.66933441,16.31345558,161235,NA,NA,NA,NA,NA,NA,NA,31.3582,NA
"37","CHL",1.832,543.3162864,2,1.799999952,2.200000048,0.5,0.5,0.600000024,7.1,8.6,7.8,5.3,2000,21.37989616,68.91781616,9.702267647,17464814,9.5,9.100000381,9.800000191,5,0.300000012,0.200000003,0.300000012,89.3492,NA
"38","CHN",1.663,548.2915034,9.399999619,8.899999619,9.899999619,3.400000095,3.299999952,3.5,11.2,12.9,12.1,8.5,224000,17.98437119,73.33599854,8.67963028,1350695000,6.599999905,5.599999905,7.5,11.4,2.299999952,2.099999905,2.400000095,51.7756,NA
"39","CIV",4.894,32.2037931,39,37.79999924,40.09999847,29.39999962,28.39999962,30.29999924,68.8,83,76.2,39.9,54000,41.48465729,55.37460327,3.140735149,19839750,4.900000095,4.900000095,5,20.5,14,12.39999962,15.30000019,52.0026,4.1
"40","CMR",4.859,4.958709677,32.59999847,30.10000038,35.29999924,15.10000038,14.5,15.80000019,55.1,66.7,61.1,27.9,48000,43.07843781,53.69530869,3.226262331,21699631,6.5,5.099999905,7.900000095,13.3,5.800000191,4.900000095,6.599999905,52.658,4.1
"41","COG",5.012,0.552,31.20000076,29,33.20000076,11.80000019,10.60000038,12.89999962,56.7,67.6,62.2,31.7,10000,42.36766052,54.24699783,3.385364771,4337051,8.5,8.600000381,8.399999619,33,8,7.699999809,8.399999619,64.0758,4.4
"42","COL",2.316,578.5714286,12.69999981,11.60000038,13.69999981,3.400000095,3.299999952,3.5,13.2,16.9,15.1,11.2,14000,28.02589417,66.01113129,5.962970734,47704427,4.800000191,4.199999809,5.400000095,10.6,0.899999976,0.899999976,0.899999976,75.5656,1.6
"43","COM",4.782,NA,46.90000153,47.29999924,46.5,25,21.89999962,28,52.5,62.7,57.7,31,1000,42.16553879,54.97398758,2.860475779,717503,21.5,21.89999962,21,65.3,13.30000019,12,14.39999962,28.1672,NA
"44","CPV",2.331,NA,NA,NA,NA,NA,NA,NA,16.6,21,18.9,10,NA,30.16741562,64.33522797,5.496954918,494401,NA,NA,NA,9.6,NA,NA,NA,63.3242,NA
"45","CRI",1.81,490.592,5.599999905,6.599999905,4.800000191,1.100000024,1.799999952,0.600000024,7.7,9.5,8.6,6.6,1000,23.94225502,69.22386932,6.833794594,4805295,8.100000381,7.900000095,8.300000191,8.2,1,1.5,0.600000024,65.1016,NA
"46","CSS",2.186514853,110.3264746,NA,NA,NA,NA,NA,NA,15.37037162,19.52950709,17.48384627,12.19132081,NA,26.89880676,65.79616371,7.305059055,6964458,NA,NA,NA,7.951461707,NA,NA,NA,43.15078855,NA
"47","CUB",1.453,29.55126761,7,NA,NA,3.400000095,NA,NA,3.8,4.7,4.3,2.6,1000,16.57544327,70.40896606,13.01560307,11270957,NA,NA,NA,5,2.400000095,NA,NA,75.171,NA
"48","CUW",2.2,NA,NA,NA,NA,NA,NA,NA,NA,NA,NA,NA,NA,19.52695847,66.80339813,13.66899967,152056,NA,NA,NA,NA,NA,NA,NA,NA,NA
"49","CYM",NA,NA,NA,NA,NA,NA,NA,NA,NA,NA,NA,NA,NA,NA,NA,NA,57570,NA,NA,NA,NA,NA,NA,NA,100,NA
"50","CYP",1.465,203.6540804,NA,NA,NA,NA,NA,NA,2.3,2.8,2.5,1.5,NA,17.15775299,70.81809235,12.02415562,1128994,NA,NA,NA,NA,NA,NA,NA,70.7062,NA
"51","CZE",1.45,95.84578997,2.599999905,2.099999905,3.099999905,2.099999905,1.600000024,2.5,2.7,3.5,3.1,2.2,1000,14.55660915,69.23132324,16.21210861,10510785,4.400000095,4.099999905,4.699999809,NA,4.599999905,4,5.199999809,73.4208,NA
"52","DEU",1.38,211.5968259,1.299999952,1.200000048,1.5,1.100000024,1.299999952,0.899999976,3.1,3.8,3.4,2.4,2000,13.16596985,65.73312378,21.10090256,80425823,3.5,3.299999952,3.599999905,NA,1,0.800000012,1.200000048,74.0738,NA
"53","DJI",3.457,NA,33.5,33.29999924,33.79999924,29.79999924,28.5,31.20000076,60.5,70.4,65.7,31.4,2000,33.71759796,62.40513611,3.877266645,859652,8.100000381,8.5,7.699999809,20.5,21.5,20.29999924,22.70000076,77.161,NA
"54","DMA",1.9,25,NA,NA,NA,NA,NA,NA,10.5,12.4,11.5,9,NA,NA,NA,NA,71684,NA,NA,NA,5,NA,NA,NA,67.2976,NA
"55","DNK",1.73,114.1106981,NA,NA,NA,NA,NA,NA,2.7,3.3,3,2.6,NA,17.65829468,64.86437225,17.47725868,5591572,NA,NA,NA,NA,NA,NA,NA,87.0666,NA
"56","DOM",2.517,108.24,10.10000038,8.899999619,11.19999981,3.400000095,3.700000048,3.200000048,20.4,25,22.8,15,5000,30.53003502,63.27905655,6.190906525,10276621,8.300000191,7.5,9,15.6,2.299999952,2.099999905,2.5,70.2062,1.9
"57","DZA",2.82,12.68941616,15.89999962,15,16.70000076,3.700000048,3.700000048,3.700000048,15.1,19.1,17.2,11.6,17000,27.4187088,67.91448212,4.666799545,38481705,12.89999962,12.39999962,13.39999962,5,4,4.099999905,3.900000095,73.706,NA
"58","EAP",1.85340459,380.9296733,11.86928,NA,NA,5.252292,NA,NA,15.5,18.7,17.2,11.1,525000,21.0698719,71.2120143,7.718113043,1991555125,5.404807,NA,NA,11.27468236,3.513675,NA,NA,49.62772494,NA
"59","EAS",1.818717188,312.6484193,NA,NA,NA,NA,NA,NA,14.61899949,17.89191457,16.31897246,10.46890182,NA,20.41396897,70.71301889,8.873011572,2233723905,NA,NA,NA,11.05757116,NA,NA,NA,53.61222075,NA
"60","ECA",2.001445023,66.19596629,11.2898,NA,NA,1.801916,NA,NA,16.7,21.4,19.1,10.2,83000,21.760314,68.21982006,10.01986953,270395971,15.06954,NA,NA,NA,1.501363,NA,NA,60.19664382,NA
"61","ECS",1.718219045,73.13778495,NA,NA,NA,NA,NA,NA,9.160054003,11.57776713,10.40983142,5.970443062,NA,17.45260964,67.7080768,14.8393128,895364677,NA,NA,NA,NA,NA,NA,NA,70.47609697,NA
"62","ECU",2.59,252.070971,29,27.29999924,30.5,6.199999809,6,6.5,17.1,22.4,19.8,10.3,6000,30.2873745,63.31578064,6.396831512,15492264,5.099999905,5,5.199999809,16.3,2.299999952,2.400000095,2.200000048,67.9834,NA
"63","EGY",2.807,605.0591716,30.70000076,28.39999962,33,6.800000191,5.400000095,8.100000381,17,18.7,17.9,11.8,35000,31.24814415,63.10633087,5.645525455,80721874,20.5,21.20000076,19.79999924,5,7.900000095,7.099999905,8.800000191,43.7022,2.4
"64","EMU",1.542626691,148.7851727,NA,NA,NA,NA,NA,NA,3.144867131,3.803962845,3.479565466,2.445271766,NA,15.32158129,65.82075089,18.85766768,333228712,NA,NA,NA,NA,NA,NA,NA,75.792172,NA
"65","ERI",4.785,0.386956522,43.70000076,41.79999924,45.40000153,34.5,33,35.90000153,32.8,41.5,37.2,18.2,8000,43.09656906,54.69986343,2.203567505,6130922,1.600000024,1.399999976,1.799999952,61.3,14.89999962,13,16.79999924,21.826,4.4
"66","ESP",1.32,130.6752874,NA,NA,NA,NA,NA,NA,3.5,4.1,3.8,2.7,2000,15.20176792,67.28798676,17.51024628,46761264,NA,NA,NA,NA,NA,NA,NA,77.5732,NA
"67","EST",1.55,68.38914729,NA,NA,NA,NA,NA,NA,2.6,3.2,2.9,1.6,NA,15.68860054,66.4943924,17.81692886,1325016,NA,NA,NA,NA,NA,NA,NA,69.5746,NA
"68","ETH",4.642,22.81352165,44.20000076,42.20000076,46.09999847,29.20000076,27.29999924,30.89999962,40.6,52.1,46.5,29,140000,43.29144287,53.32262802,3.385929346,91728849,1.799999952,2,1.700000048,37.1,10.10000038,8.600000381,11.5,17.2798,3
"69","EUU",1.569958514,144.3024828,NA,NA,NA,NA,NA,NA,3.620376363,4.405967376,4.029581388,2.828158758,NA,15.55117174,66.45645368,17.99237306,505640311,NA,NA,NA,NA,NA,NA,NA,74.15129964,NA
"70","FIN",1.8,124.1788726,NA,NA,NA,NA,NA,NA,2.1,2.6,2.4,1.6,NA,16.41531944,65.25970459,18.32504845,5413971,NA,NA,NA,NA,NA,NA,NA,83.8176,NA
"71","FJI",2.615,16.09785203,7.5,6.900000095,8,5.300000191,5.699999809,4.900000095,16.7,21.3,19.1,9.9,NA,28.8781147,65.91829681,5.203705788,874742,5.099999905,4.800000191,5.400000095,5,6.300000191,8.199999809,4.699999809,52.6274,NA
"72","FRA",2.01,149.9722373,NA,NA,NA,NA,NA,NA,3,3.7,3.4,2.3,3000,18.25906754,64.27513885,17.46578789,65676758,NA,NA,NA,NA,NA,NA,NA,86.2578,NA
"73","FRO",NA,NA,NA,NA,NA,NA,NA,NA,NA,NA,NA,NA,NA,NA,NA,NA,49506,NA,NA,NA,NA,NA,NA,NA,41.3524,NA
"74","FSM",3.347,0.095238095,NA,NA,NA,NA,NA,NA,27.8,34.5,31.3,16.2,NA,35.81314468,60.2388916,3.947966576,103395,NA,NA,NA,NA,NA,NA,NA,22.7124,NA
"75","GAB",4.136,3.16,17.5,15.10000038,19.79999924,6.5,5,7.900000095,37.4,47.2,42.4,24.9,2000,38.48804092,56.30489731,5.20705986,1632572,7.699999809,6.199999809,9.199999809,5.6,3.400000095,3.099999905,3.700000048,86.4576,3.2
"76","GBR",1.9,251.9262982,NA,NA,NA,NA,NA,NA,3.6,4.5,4.1,3,3000,17.53885651,65.29773712,17.16340065,63695687,NA,NA,NA,NA,NA,NA,NA,79.7632,NA
"77","GEO",1.82,33.77509069,11.30000019,10.19999981,12.30000019,1.100000024,1,1.299999952,15.3,20,17.8,14.7,1000,17.61721802,68.11306,14.26962948,4490700,19.89999962,18.29999924,21.29999924,NA,1.600000024,1.5,1.799999952,52.9796,NA
"78","GHA",3.92,17.85723404,28.60000038,26.70000076,30.5,14.30000019,12.89999962,15.69999981,43.5,53.5,48.6,28.4,38000,38.59313202,57.89441299,3.512464523,25366462,5.900000095,5.900000095,5.800000191,5,8.699999809,7.699999809,9.699999809,52.5218,3.5
"79","GIN",5.001,1.065614035,35.79999924,33.79999924,37.70000076,16.29999924,15.19999981,17.29999924,59.5,70.5,65.2,34.4,27000,42.45553207,54.42235947,3.122107029,11451273,3.099999905,2.700000048,3.400000095,15.2,5.599999905,4.599999905,6.599999905,35.944,5.1
"80","GMB",5.775,7.3,27.60000038,26.60000038,28.60000038,15.80000019,15,16.70000076,44.3,53.8,49.2,28,4000,45.89853287,51.65777588,2.443802357,1791225,2.700000048,2.5,2.900000095,16,7.400000095,6.599999905,8.100000381,57.7608,NA
"81","GNB",4.989,NA,27.70000076,26.10000038,29.29999924,16.60000038,17,16.20000076,72.2,88.9,80.8,45.7,5000,41.5540657,55.54197693,2.903956413,1663558,2.200000048,2.5,1.799999952,10.1,4.800000191,5,4.599999905,44.5748,NA
"82","GNQ",4.945,NA,35,33.79999924,36,10.60000038,9.899999619,11.30000019,65.9,77.9,72.2,34.1,2000,38.95213318,58.24396896,2.803627968,736296,8.300000191,4,12,NA,2.799999952,3.5,2.299999952,39.6874,NA
"83","GRC",1.34,153.7344,NA,NA,NA,NA,NA,NA,3.8,4.3,4.1,3,1000,14.59634781,66.00112915,19.40253448,11092771,NA,NA,NA,NA,NA,NA,NA,61.7066,NA
"84","GRD",2.194,NA,NA,NA,NA,NA,NA,NA,10.5,12.3,11.4,6.7,NA,26.96358681,65.91204071,7.124370575,105483,NA,NA,NA,18.7,NA,NA,NA,39.493,NA
"85","GRL",1.983,NA,NA,NA,NA,NA,NA,NA,NA,NA,NA,NA,NA,NA,NA,NA,56810,NA,NA,NA,NA,NA,NA,NA,84.9342,NA
"86","GTM",3.844,150.8253333,48,47.29999924,48.70000076,13,12.10000038,13.89999962,23.5,29.4,26.5,15.3,12000,40.79730606,54.69511032,4.507575512,15082831,4.900000095,4.599999905,5.300000191,30.5,1.100000024,1.100000024,1.100000024,50.2368,2.9
"87","GUM",2.426,NA,NA,NA,NA,NA,NA,NA,NA,NA,NA,NA,NA,26.64455414,65.56047058,7.79620409,162810,NA,NA,NA,NA,NA,NA,NA,93.2392,NA
"88","GUY",2.591,39.31904762,19.5,18.60000038,20.5,11.10000038,9.399999619,12.80000019,24.9,32.7,29,19.4,1000,36.77437592,59.92966843,3.295954466,795369,6.699999809,8.399999619,4.900000095,5,5.300000191,3.799999952,6.900000095,28.489,2.1
"89","HIC",1.683849696,96.34292562,2.778408,NA,NA,1.354892,NA,NA,4.8,5.7,5.3,3.5,78000,16.97150442,67.28131022,15.74718313,1299489520,7.835483,NA,NA,NA,0.6891171,NA,NA,80.20712454,NA
"90","HKG",1.285,NA,NA,NA,NA,NA,NA,NA,NA,NA,NA,NA,NA,11.77248096,74.65155029,13.57599449,7154600,NA,NA,NA,NA,NA,NA,NA,100,NA
"91","HND",3.05,93.16666667,22.70000076,20.89999962,24.39999962,7.099999905,6.5,7.699999809,17,21.7,19.4,11.5,4000,35.71740341,59.88955688,4.393041611,7935846,5.199999809,4.800000191,5.5,8.7,1.399999976,1,1.799999952,52.725,2.2
"92","HPC",5.109212965,12.12533845,NA,NA,NA,NA,NA,NA,55.10567252,65.82294744,60.60336889,30.58058258,NA,43.87536929,53.07807571,3.04655387,655971763,NA,NA,NA,27.51359799,NA,NA,NA,32.02113007,4.078506484
"93","HRV",1.51,223.5194604,NA,NA,NA,NA,NA,NA,3.7,4.3,4,3.1,NA,14.98411369,67.02549744,17.99032021,4267558,NA,NA,NA,NA,NA,NA,NA,58.1114,NA
"94","HTI",3.212,NA,21.89999962,20.29999924,23.39999962,11.60000038,10.69999981,12.5,50.8,61.8,56.5,25.4,15000,35.35380936,60.140625,4.505554676,10173775,3.599999905,3.099999905,4.099999905,49.8,5.199999809,4.800000191,5.599999905,54.6352,2.2
"95","HUN",1.34,78.34540073,NA,NA,NA,NA,NA,NA,4.9,5.7,5.3,3.6,1000,14.62104511,68.33612061,17.04281044,9920362,NA,NA,NA,NA,NA,NA,NA,69.9066,NA
"96","IDN",2.37,181.5166525,39.20000076,37.59999847,40.79999924,18.60000038,15.69999981,19.5,22.5,28.9,25.8,15,125000,29.2729702,65.59831238,5.128715992,246864191,12.30000019,13,11.69999981,9.1,12.30000019,12.10000038,12.5,51.4476,2
"97","IMY",1.65,NA,NA,NA,NA,NA,NA,NA,NA,NA,NA,NA,NA,NA,NA,NA,85284,NA,NA,NA,NA,NA,NA,NA,50.512,NA
"98","IND",2.505,178.526684,47.90000153,48,47.90000153,43.5,43.90000153,43.09999847,44.3,43.5,43.8,30.9,1097000,29.43316841,65.37146759,5.195360184,1236686732,1.899999976,1.700000048,2.200000048,17,20,19.29999924,20.70000076,31.66,1.9
"99","INX",NA,NA,NA,NA,NA,NA,NA,NA,NA,NA,NA,NA,NA,NA,NA,NA,NA,NA,NA,NA,NA,NA,NA,NA,NA,NA
"100","IRL",2.01,462.4411474,NA,NA,NA,NA,NA,NA,3,3.7,3.4,2.3,NA,21.54361153,66.69876099,11.75769043,4586897,NA,NA,NA,NA,NA,NA,NA,62.512,NA
"101","IRN",1.917,52.04547286,7.099999905,NA,NA,4.599999905,NA,NA,14.2,16,15.1,10.8,23000,23.68194771,71.07524872,5.242796421,76424443,NA,NA,NA,5,4.800000191,NA,NA,69.2264,NA
"102","IRQ",4.086,34.29,27.5,26.20000076,28.70000076,7.099999905,6.599999905,7.699999809,25.4,31.1,28.4,19,29000,40.50895691,56.23461151,3.256440401,32578209,15,14.30000019,15.60000038,26.2,5.800000191,5.400000095,6.199999809,66.4716,NA
"103","ISL",2.04,143.3902439,NA,NA,NA,NA,NA,NA,1.6,1.9,1.8,1.1,NA,20.70752716,66.73765564,12.55481529,320716,NA,NA,NA,NA,NA,NA,NA,93.8344,NA
"104","ISR",3.04,200.3305785,NA,NA,NA,NA,NA,NA,3.1,3.5,3.3,2.1,1000,27.52786636,61.93118668,10.54096031,7910500,NA,NA,NA,NA,NA,NA,NA,91.9442,NA
"105","ITA",1.4,122.8331675,NA,NA,NA,NA,NA,NA,2.9,3.5,3.2,2.3,2000,14.04251766,65.13460541,20.82287598,59539717,NA,NA,NA,NA,NA,NA,NA,68.58,NA
"106","JAM",2.284,79.9,4.800000191,3.700000048,6,3.200000048,2.599999905,3.799999952,12.6,16.2,14.4,10.6,1000,27.78477478,64.32936096,7.885902882,2707805,4,4.800000191,3.299999952,8.6,3.5,2.099999905,4.900000095,52.156,5.1
"107","JOR",3.314,128.6486486,8.300000191,8.699999809,7.900000095,1.899999976,2.099999905,1.600000024,15.4,17.2,16.4,11.5,3000,34.12580109,62.3854332,3.488736153,6318000,6.599999905,5.199999809,7.900000095,5,1.600000024,1.600000024,1.600000024,82.9506,2.7
"108","JPN",1.41,261.444652,NA,NA,NA,NA,NA,NA,2.1,2.3,2.2,1.1,2000,13.11346054,62.48884201,24.39769936,127561489,NA,NA,NA,NA,NA,NA,NA,91.7294,NA
"109","KAZ",2.59,1.602713589,13.10000038,13,13.19999981,3.700000048,3.599999905,3.700000048,14,19.3,16.7,10.1,6000,25.45724869,67.98840332,6.554359436,16791425,13.30000019,11.80000019,14.80000019,5,4.099999905,3.700000048,4.400000095,53.5416,NA
"110","KEN",4.459,30.34709091,35.20000076,33.09999847,37.29999924,16.39999962,15.5,17.29999924,44.4,52.9,48.7,26.8,72000,42.36788559,54.99032593,2.641788006,43178141,5,5.300000191,4.699999809,25.8,7,5.800000191,8.199999809,24.3974,3.2
"111","KGZ",3.1,22.65945777,18.10000038,17.5,18.70000076,2.700000048,2.5,2.900000095,20.6,26.3,23.6,14.2,4000,30.20814133,65.61834717,4.173531532,5607200,10.69999981,8.600000381,12.69999981,5.9,3.400000095,3.200000048,3.5,35.4752,NA
"112","KHM",2.894,11.512,40.90000153,39.40000153,42.29999924,29,29.10000038,28.79999924,29.7,38,33.9,18.4,12000,31.23269844,63.51365662,5.253653526,14864646,1.899999976,1.899999976,1.899999976,15.4,10.80000019,10.5,11.19999981,20.192,2.6
"113","KIR",2.982,NA,NA,NA,NA,NA,NA,NA,41.7,50.6,46.3,21.6,NA,32.36362076,63.61498642,4.023376465,100786,NA,NA,NA,7.6,NA,NA,NA,44.0662,NA
"114","KNA",2.107,22.88888889,NA,NA,NA,NA,NA,NA,6.3,7.6,7,6.6,NA,NA,NA,NA,53584,NA,NA,NA,10.2,NA,NA,NA,32.1088,NA
"115","KOR",1.297,336.0537492,2.5,2.5,2.400000095,0.899999976,0.600000024,1.200000048,3,3.5,3.3,1.6,2000,15.25271606,72.93548584,11.81179428,50004441,6.199999809,4.199999809,8.100000381,5,0.899999976,1,0.899999976,83.4686,NA
"116","KSV",2.19,NA,NA,NA,NA,NA,NA,NA,NA,NA,NA,NA,NA,27.47747748,65.87837838,6.70045045,1807106,NA,NA,NA,NA,NA,NA,NA,NA,NA
"117","KWT",2.626,803.6363636,4.300000191,4.400000095,4.099999905,2.200000048,2.299999952,2.099999905,8.7,10.2,9.5,5.5,1000,24.90401459,72.91806793,2.177913666,3250496,9.5,8.899999619,10.19999981,5,2.400000095,2.400000095,2.400000095,98.2676,NA
"118","LAC",2.198931414,122.0237849,12.02734,NA,NA,2.900106,NA,NA,14.4,18.1,16.3,9.9,171000,27.59219965,65.50638654,6.901414568,581379260,7.033841,NA,NA,9.261910841,1.438128,NA,NA,79.02945446,NA
"119","LAO",3.108,NA,47.59999847,46.79999924,48.29999924,31.60000038,30.60000038,32.5,48.9,58.7,54,27.2,10000,35.60509491,60.6386528,3.756236792,6645827,1.299999952,1,1.5,26.7,7.300000191,6.800000191,7.800000191,35.3238,NA
"120","LBN",1.498,296.7368421,16.5,17,16,4.199999809,2.799999952,5.400000095,7.6,8.3,8,5.4,1000,21.63750648,69.7967453,8.565703392,4424888,16.70000076,18,15.30000019,5,6.599999905,5.400000095,7.800000191,87.3596,NA
"121","LBR",4.868,NA,39.40000153,36.70000076,41.90000153,20.39999962,18.70000076,21.89999962,50.8,60.7,56,26.6,8000,43.05784607,53.89469147,3.04744029,4190435,4.199999809,3.5,4.900000095,28.6,7.800000191,7.800000191,7.900000095,48.5634,4.6
"122","LBY",2.41,45.33028571,21,19.60000038,22.20000076,5.599999905,4.800000191,6.300000191,11.6,14.6,13.2,9.4,2000,29.45480156,65.83327484,4.711872578,6154623,22.39999962,21.60000038,23.20000076,5,6.5,6.099999905,6.800000191,77.907,NA
"123","LCA",1.936,NA,NA,NA,NA,NA,NA,NA,13.1,16.5,14.9,10.4,NA,24.30806732,66.95140076,8.742190361,180870,NA,NA,NA,12.2,NA,NA,NA,16.9692,NA
"124","LCN",2.183411011,124.5821999,NA,NA,NA,NA,NA,NA,14.17089565,17.81444208,16.02527525,9.782229361,NA,27.30848575,65.62009831,7.071415269,608545904,NA,NA,NA,9.114389888,NA,NA,NA,79.3546329,NA
"125","LDC",4.245520107,22.69097658,NA,NA,NA,NA,NA,NA,52.5203735,62.61908362,57.69687925,30.15786983,NA,40.30234333,56.20122883,3.496427265,877943413,NA,NA,NA,25.95973103,NA,NA,NA,28.96208615,3.277207307
"126","LIC",4.086353264,25.20806625,37.19522,NA,NA,21.81894,NA,NA,50.8,60.5,55.8,29.5,1457000,39.44119355,56.85112864,3.707677972,830035274,4.64465,NA,NA,26.09343647,9.096218,NA,NA,28.27432289,3.23699146
"127","LIE",1.51,NA,NA,NA,NA,NA,NA,NA,NA,NA,NA,NA,NA,NA,NA,NA,36656,NA,NA,NA,NA,NA,NA,NA,14.3804,NA
"128","LKA",2.346,230.7541667,19.20000076,18.70000076,19.79999924,21.60000038,21.60000038,21.60000038,7.5,9,8.3,6.1,3000,25.15170288,66.63626862,8.212015152,20328000,0.800000012,1,0.699999988,22.8,11.80000019,11.5,12.10000038,15.2118,NA
"129","LMC",2.902939527,127.4970807,35.14412,NA,NA,24.05559,NA,NA,43.2,47.7,45.5,28,2663000,31.51749961,63.46389924,5.018598961,2523370023,4.614819,NA,NA,14.71284694,12.2837,NA,NA,38.84076737,2.414709311
"130","LMY",2.625617786,153.1521848,27.27432163,NA,NA,16.96981266,NA,NA,36,40.7,38.5,22.9,4723000,28.51306387,65.41763795,6.069297056,5743616071,5.234619626,NA,NA,13.99425832,8.481133346,NA,NA,46.40047834,NA
"131","LSO",3.092,NA,39,35,43.09999847,13.5,11.10000038,16,67.3,80.7,74.2,45.3,4000,36.75083923,59.05042267,4.198835373,2051545,7.300000191,6.900000095,7.699999809,15.7,3.900000095,3.5,4.199999809,28.3006,2.4
"132","LTU",1.6,95.92319263,NA,NA,NA,NA,NA,NA,4,4.8,4.4,2.1,NA,15.12854481,69.29292297,15.57853508,2987773,NA,NA,NA,NA,NA,NA,NA,67.2294,NA
"133","LUX",1.57,248.7328491,NA,NA,NA,NA,NA,NA,1.6,1.9,1.7,0.8,NA,17.45566559,68.46588898,14.07863426,530946,NA,NA,NA,NA,NA,NA,NA,85.6408,NA
"134","LVA",1.44,77.64791134,NA,NA,NA,NA,NA,NA,6.9,8.2,7.6,5.3,NA,14.57051659,66.89862823,18.53076172,2034319,NA,NA,NA,NA,NA,NA,NA,67.712,NA
"135","MAC",1.058,NA,NA,NA,NA,NA,NA,NA,NA,NA,NA,NA,NA,12.23259354,80.04895782,7.718446732,556783,NA,NA,NA,NA,NA,NA,NA,100,NA
"136","MAF",1.82,NA,NA,NA,NA,NA,NA,NA,NA,NA,NA,NA,NA,NA,NA,NA,30959,NA,NA,NA,NA,NA,NA,NA,NA,NA
"137","MAR",2.706,39.08462757,14.89999962,14,15.80000019,3.099999905,3.099999905,3.099999905,23.6,29.8,26.8,17.8,20000,27.84571266,67.1728363,4.981461048,32521143,10.69999981,8.800000191,12.5,5,2.299999952,1.799999952,2.799999952,57.406,1.8
"138","MCO",NA,NA,NA,NA,NA,NA,NA,NA,2.8,3.4,3.1,2.1,NA,NA,NA,NA,37579,NA,NA,NA,NA,NA,NA,NA,100,NA
"139","MDA",1.462,11.0865968,11.30000019,11.5,11,3.200000048,3.400000095,3,13.3,16.9,15.1,8.6,1000,16.51949501,72.24614716,11.23446751,3559519,9.100000381,9.300000191,8.899999619,NA,5.800000191,5.599999905,6,48.3752,NA
"140","MDG",4.528,2.416285714,49.20000076,46.70000076,51.59999847,36.79999924,34.5,39.20000076,37.1,44.4,40.9,22,31000,42.7164917,54.46413803,2.81937027,22293914,6.199999809,6.099999905,6.300000191,27.2,15.19999981,12.5,18,33.2068,4.2
"141","MDV",2.287,3.666666667,20.29999924,19,21.60000038,17.79999924,17.20000076,18.39999962,8,9.9,9,6.3,NA,29.02594757,65.99328613,4.980764866,338442,6.5,6.400000095,7.900000095,5.4,10.19999981,10.19999981,13.5,42.2332,2.2
"142","MEA",2.745894094,96.91630942,NA,NA,NA,NA,NA,NA,18.20106571,21.62562838,19.97353816,13.12108792,NA,29.65678906,65.69753791,4.645668266,395316900,NA,NA,NA,8.687902173,NA,NA,NA,63.17766322,NA
"143","MEX",2.216,61.72114435,13.60000038,12.10000038,15.10000038,2.799999952,2.799999952,2.799999952,12.5,15.3,13.9,7.2,32000,29.00850677,64.72747803,6.264018059,120847477,9,9,9,5,1.600000024,1.399999976,1.799999952,78.3866,NA
"144","MHL",4.5,0.5,NA,NA,NA,NA,NA,NA,26.7,34.8,30.9,15.8,NA,NA,NA,NA,52555,NA,NA,NA,NA,NA,NA,NA,72.146,NA
"145","MIC",2.394631172,175.7402005,24.59867588,NA,NA,15.66201306,NA,NA,31.9,35.5,33.9,21.1,3266000,26.66625221,66.8653449,6.468401549,4913580797,5.393733213,NA,NA,12.2796367,8.315246288,NA,NA,49.46359757,NA
"146","MKD",1.436,67.11111111,10.5,10,11,2.099999905,1.399999976,2.799999952,6,6.9,6.5,6,NA,16.88944817,71.06913757,12.04155636,2105575,16.79999924,17.39999962,15.80000019,NA,6.800000191,5.800000191,7.599999905,59.4422,NA
"147","MLI",6.852,19.60038333,38.5,36.20000076,40.70000076,27.89999962,26,29.70000076,73.1,85.7,79.6,41.5,53000,47.13750839,50.04598999,2.816507816,14853572,4.699999809,4.599999905,4.900000095,7.3,15.30000019,14.30000019,16.20000076,35.5746,4.8
"148","MLT",1.43,54.77777778,NA,NA,NA,NA,NA,NA,5.3,6.3,5.8,4.5,NA,14.97952175,69.41654968,15.60346317,419455,NA,NA,NA,NA,NA,NA,NA,94.9754,NA
"149","MMR",1.959,6.247803163,35.09999847,33.40000153,36.70000076,22.60000038,22.10000038,23,36.3,45.8,41.1,26.3,38000,25.27824974,69.55769348,5.164059639,52797319,2.599999905,2.599999905,2.700000048,NA,7.900000095,7.099999905,8.699999809,33.2218,NA
"150","MNA",2.7688646,88.96690779,17.42567,NA,NA,6.19045,NA,NA,19.5,23.2,21.4,14.1,175000,30.36989874,64.80080314,4.829293665,339560601,14.15644,NA,NA,9.130414918,6.735238,NA,NA,59.52406934,NA
"151","MNE",1.676,14.35465116,7.900000095,7.5,8.399999619,2.200000048,1.600000024,2.799999952,5.2,5.8,5.5,3.9,NA,19.01217461,68.22524261,12.76258659,621081,15.60000038,12.60000038,18.60000038,NA,4.199999809,4.099999905,4.300000191,63.4812,NA
"152","MNG",2.446,18.00162602,27.5,25.60000038,29.20000076,5.300000191,5.300000191,5.300000191,18.2,27.5,23,9.7,2000,27.05114746,69.14604187,3.802739382,2796484,14.19999981,12.60000038,15.60000038,21.2,2.700000048,2.799999952,2.599999905,69.3494,NA
"153","MNP",NA,NA,NA,NA,NA,NA,NA,NA,NA,NA,NA,NA,NA,NA,NA,NA,53305,NA,NA,NA,NA,NA,NA,NA,91.5678,NA
"154","MOZ",5.263,8.909038462,43.09999847,41,45.29999924,15.60000038,13.60000038,17.5,58.8,67.2,63.1,30.2,59000,45.38414383,51.35712814,3.258739471,25203395,7.900000095,7.699999809,8.100000381,36.8,6.099999905,5.5,6.699999809,31.4732,5.1
"155","MRT",4.728,NA,22,19.5,24.39999962,19.5,17.20000076,21.79999924,57.1,72.3,64.8,33.6,8000,40.21686935,56.62992859,3.153096676,3796141,1.200000048,1.200000048,1.100000024,7.8,11.60000038,10.10000038,13.10000038,41.79,4.1
"156","MUS",1.43,174.15,NA,NA,NA,NA,NA,NA,11.4,14.5,13,9.3,NA,20.17244911,71.45076752,8.376944542,1291167,NA,NA,NA,5.4,NA,NA,NA,41.8158,NA
"157","MWI",5.471,32.99722222,47.79999924,44.09999847,51.79999924,13.80000019,12.60000038,15.19999981,41.8,50,46,24.2,28000,45.44472122,51.40565109,3.14960885,15906483,9.199999809,8.199999809,10.30000019,20,4.099999905,3.799999952,4.400000095,15.8482,4.5
"158","MYS",1.975,1096.46,17.20000076,17.20000076,17.20000076,12.89999962,12.69999981,13.19999981,6.5,7.9,7.3,4.5,4000,26.65264893,68.1858902,5.161466599,29239927,NA,NA,NA,5,NA,NA,NA,73.362,NA
"159","NAC",1.853296471,115.5712215,NA,NA,NA,NA,NA,NA,5.398391898,6.464522531,5.889924556,4.049195949,NA,19.30715893,66.94483779,13.74800318,348692795,NA,NA,NA,NA,NA,NA,NA,82.44330056,NA
"160","NAM",3.107,4.43375,29.60000038,27.10000038,32,17.5,16.5,18.5,25,31.5,28.3,18.2,2000,36.58699417,59.90493774,3.508110285,2259393,4.599999905,4.400000095,4.900000095,29.3,7.5,7.800000191,7.300000191,38.9636,2.7
"161","NCL",2.149,177.7142857,NA,NA,NA,NA,NA,NA,NA,NA,NA,NA,NA,22.79710007,67.27104187,9.931465149,258000,NA,NA,NA,5,NA,NA,NA,61.6114,NA
"162","NER",7.574,0.501338688,54.79999924,52.59999847,56.79999924,39.90000153,37.5,42.09999847,58.1,67.4,62.8,28.2,52000,49.99181747,47.40300751,2.605157614,17157042,3.5,3.5,3.599999905,13.9,12.39999962,10.89999962,13.80000019,18.1208,6.8
"163","NGA",6.002,5.680888889,36,35,37,24.39999962,24.10000038,24.60000038,71.1,84.2,77.8,39.2,528000,44.22186279,53.05238342,2.725752592,168833776,3,2.700000048,3.200000048,7.3,10.19999981,9.5,11,50.2294,5.3
"164","NIC",2.541,27.99,23,21.89999962,24,5.699999809,5.900000095,5.599999905,18.2,22.9,20.6,11.9,3000,33.36617279,62.00191116,4.631915569,5991733,6.199999809,5.599999905,6.699999809,21.7,1.5,1.399999976,1.5,57.8608,2.3
"165","NLD",1.72,283.2436261,NA,NA,NA,NA,NA,NA,3.1,3.7,3.4,2.8,1000,17.20807648,66.34661102,16.44530869,16754962,NA,NA,NA,NA,NA,NA,NA,83.517,NA
"166","NOC",1.765719589,NA,NA,NA,NA,NA,NA,NA,7.902013043,9.705040859,8.87249661,5.555107807,NA,17.6945627,71.55687472,10.74855254,249927994,NA,NA,NA,NA,NA,NA,NA,77.34189993,NA
"167","NOR",1.85,169.8280872,NA,NA,NA,NA,NA,NA,2,2.5,2.2,1.7,NA,18.63674927,65.86174011,15.50142956,5018573,NA,NA,NA,NA,NA,NA,NA,79.646,NA
"168","NPL",2.389,23.21783439,40.5,39.5,41.29999924,29.10000038,28.39999962,29.79999924,30.8,36.2,33.6,24.2,19000,35.57541275,59.35587692,5.06870842,27474377,1.5,1.600000024,1.5,16,11.19999981,10,12.30000019,17.3356,1.8
"169","NZL",2.05,1272.224449,NA,NA,NA,NA,NA,NA,4.2,5.2,4.7,2.8,NA,20.25966263,66.10697174,13.63332272,4433000,NA,NA,NA,NA,NA,NA,NA,86.286,NA
"170","OEC",1.664828603,123.281046,NA,NA,NA,NA,NA,NA,4.042670705,4.849312044,4.437005221,3.014786886,NA,16.81583809,66.36082915,16.82333221,1049561526,NA,NA,NA,NA,NA,NA,NA,80.82529945,NA
"171","OED",1.750577849,118.3114615,NA,NA,NA,NA,NA,NA,5.848263368,7.075373326,6.454931505,4.075764006,NA,18.51502818,66.24145744,15.24351392,1254326493,NA,NA,NA,NA,NA,NA,NA,80.00292769,NA
"172","OMN",2.884,121.3043478,9.800000191,8.5,11.30000019,8.600000381,8.300000191,8.899999619,8.9,11,10,6.7,1000,24.19437981,73.05121613,2.754283905,3314001,1.700000048,2,1.5,NA,7.099999905,6,8.100000381,73.6928,NA
"173","OSS",3.557043236,NA,NA,NA,NA,NA,NA,NA,45.92464235,55.80814649,51.02410216,29.10449401,NA,36.32601111,59.40755648,4.266437389,19858911,NA,NA,NA,20.98555553,NA,NA,NA,47.6958173,NA
"174","PAK",3.264,217.1438583,43,42,43.79999924,30.89999962,30.39999962,31.39999962,64.2,74,69.3,42.2,330000,34.32061005,61.31783295,4.361558437,179160111,6.400000095,6.099999905,6.599999905,17.2,14.80000019,14.10000038,15.5,36.5492,3.1
"175","PAN",2.493,67.17037037,19.10000038,18.89999962,19.5,3.900000095,5.199999809,2.799999952,14,17.6,15.9,8.5,1000,28.6485405,64.27902222,7.07246542,3802281,NA,NA,NA,8.7,1.200000048,1.399999976,1.100000024,75.7834,NA
"176","PER",2.448,100.3008219,28.20000076,25.89999962,30.5,4.5,4.5,4.5,12.6,15.6,14.1,9.3,8000,29.17706108,64.56564331,6.257291317,29987800,9.800000191,9.800000191,9.800000191,11.8,0.800000012,0.800000012,0.899999976,77.577,1.8
"177","PHL",3.076,149.0187037,33.59999847,32.20000076,34.90000153,20.20000076,20.29999924,20.10000038,20.3,26.5,23.5,14,54000,34.53333664,61.63716125,3.829498529,96706764,4.300000191,3.900000095,4.699999809,16.2,7.300000191,7.099999905,7.5,49.1232,2.4
"178","PLW",1.535,NA,NA,NA,NA,NA,NA,NA,13,16.4,14.8,10,NA,NA,NA,NA,20754,NA,NA,NA,NA,NA,NA,NA,84.8628,NA
"179","PNG",3.838,109.4833333,43.90000153,39.59999847,47.40000153,18.10000038,14.60000038,21,43.7,52.8,48.4,24.3,10000,38.37118912,58.77227783,2.856491089,7167010,3.400000095,2.5,4.199999809,NA,4.400000095,4,4.800000191,12.5724,NA
"180","POL",1.3,178.9049625,NA,NA,NA,NA,NA,NA,3.9,4.6,4.3,2.9,2000,14.91011047,71.04075623,14.04913139,38535873,NA,NA,NA,NA,NA,NA,NA,60.8446,NA
"181","PRI",1.644,NA,NA,NA,NA,NA,NA,NA,NA,NA,NA,NA,NA,19.79553604,66.67035675,13.53402615,3651545,NA,NA,NA,NA,NA,NA,NA,98.9594,NA
"182","PRK",1.995,NA,32.40000153,32.40000153,32.40000153,18.79999924,18.79999924,18.79999924,20.1,25.2,22.7,15.6,8000,21.98086166,68.79073334,9.22840023,24763188,0.899999976,1.100000024,0.699999988,31,5.199999809,5.300000191,5,60.474,NA
"183","PRT",1.28,148.6733977,NA,NA,NA,NA,NA,NA,2.7,3.2,2.9,1.8,1000,14.91592121,66.58392334,18.50014305,10514844,NA,NA,NA,NA,NA,NA,NA,61.5772,NA
"184","PRY",2.897,87.25230769,17.5,NA,NA,3.400000095,NA,NA,16.7,20.8,18.8,12.4,3000,32.77565002,61.86515045,5.359184265,6687361,7.099999905,NA,NA,22.3,1.100000024,NA,NA,62.4356,2.2
"185","PSS",3.310031111,NA,NA,NA,NA,NA,NA,NA,19.25165518,24.0719652,21.74940136,11.3683185,NA,34.4428252,61.055498,4.501355769,2252782,NA,NA,NA,7.878318055,NA,NA,NA,36.75574815,NA
"186","PYF",2.075,326.4,NA,NA,NA,NA,NA,NA,NA,NA,NA,NA,NA,22.91226959,69.97377777,7.113587856,273814,NA,NA,NA,5,NA,NA,NA,51.4496,NA
"187","QAT",2.036,6105.714286,NA,NA,NA,NA,NA,NA,5.9,6.7,6.3,3.9,NA,13.28227901,85.71875,0.998920262,2050514,NA,NA,NA,NA,NA,NA,NA,98.8906,NA
"188","ROM",1.53,52.54624973,12.80000019,11.10000038,14.39999962,3.5,2.900000095,4,9.5,11.8,10.7,7.5,2000,15.04990578,69.99074554,14.95936489,20076727,8.300000191,8.100000381,8.600000381,NA,3.5,3.400000095,3.599999905,52.8496,NA
"189","RUS",1.59,15.77391667,NA,NA,NA,NA,NA,NA,7.8,9.8,8.9,5.5,15000,15.44885731,71.59133911,12.95979881,143178000,NA,NA,NA,NA,NA,NA,NA,73.9968,NA
"190","RWA",4.616,0.07704918,44.29999924,41.09999847,47.40000153,11.69999981,10.39999962,12.89999962,35.2,42.2,38.8,20.9,17000,43.56055069,54.11128998,2.328160524,11457801,7.099999905,7.099999905,7.099999905,29.7,3,2.400000095,3.5,19.4284,3.1
"191","SAS",2.59316488,174.5238373,37.70492,NA,NA,32.23658,NA,NA,45.8,47.4,46.6,31.6,1626000,30.44532022,64.51314871,5.041528523,1649249388,2.167517,NA,NA,17.00867827,16.02629,NA,NA,31.35274239,2.11849083
"192","SAU",2.702,94.11254019,9.300000191,7.800000191,10.80000019,5.300000191,4.5,6.099999905,6.8,8,7.4,5.2,4000,29.68611526,67.40074158,2.91315484,28287855,6.099999905,6,6.300000191,5,11.80000019,10.80000019,12.69999981,82.496,NA
"193","SDN",4.491,10.79170644,47.59999847,36.59999847,40,38.40000153,25.89999962,28.10000038,43.6,54.7,49.3,28.6,60000,41.4777832,55.32047653,3.201739073,37195349,5.199999809,4.400000095,4.099999905,NA,17.79999924,13.89999962,15,33.3864,NA
"194","SEN",4.981,7.583896104,15.5,13.5,17.29999924,14.39999962,13.19999981,15.5,40.4,49.8,45.2,24.4,23000,43.54257584,53.43685532,3.020591259,13726021,0.699999988,0.600000024,0.800000012,21.6,8.699999809,7.5,9.899999619,42.8676,3.2
"195","SGP",1.29,3131.25,4.400000095,3.900000095,4.900000095,3.299999952,2.900000095,3.599999905,2,2.5,2.3,1.2,NA,16.47517395,73.78318024,9.741661072,5312400,2.599999905,2,3.099999905,NA,3.599999905,3.299999952,3.799999952,100,NA
"196","SLB",4.099,NA,32.79999924,NA,NA,11.5,NA,NA,22.9,28.7,25.9,13.8,NA,40.37332916,56.27804184,3.348447323,549598,2.5,NA,NA,13.4,4.300000191,NA,NA,20.9154,NA
"197","SLE",4.782,NA,44.90000153,42.29999924,47.5,21.10000038,19.60000038,22.60000038,108.2,126,117.4,49.5,25000,41.73833466,55.6450386,2.616627216,5978727,10.30000019,10.60000038,9.899999619,29.4,9.199999809,8.100000381,10.30000019,39.6356,4.5
"198","SLV",2.209,182.241749,20.60000038,19.79999924,21.29999924,6.599999905,6.699999809,6.5,12,15.2,13.6,6.3,2000,30.62180901,62.31998444,7.058269024,6297394,5.699999809,5,6.300000191,11.9,1.600000024,0.699999988,2.400000095,65.2468,2
"199","SMR",1.26,NA,NA,NA,NA,NA,NA,NA,2.6,3.2,2.9,1.4,NA,NA,NA,NA,31247,NA,NA,NA,NA,NA,NA,NA,94.1406,NA
"200","SOM",6.667,NA,42.09999847,41.29999924,42.70000076,32.79999924,31.29999924,34.20000076,84.2,97.2,90.8,45.7,40000,47.34925461,49.83615875,2.814587831,10195134,4.699999809,4.5,4.900000095,NA,13.19999981,11.89999962,14.39999962,38.2318,NA
"201","SRB",1.32,112.6377164,6.599999905,7.199999809,5.900000095,1.600000024,1.700000048,1.5,5.1,6.3,5.7,4.1,1000,16.4513607,69.51953125,14.02908707,7199077,15.60000038,14.69999981,16.60000038,NA,3.5,4.199999809,2.700000048,56.725,NA
"202","SSA",5.110780585,13.21909876,37.97313,NA,NA,20.78584,NA,NA,58,69.4,63.8,32.3,2143000,43.16428887,53.74199781,3.093712633,911475726,5.717188,NA,NA,21.50064657,8.993686,NA,NA,36.81017242,4.401335185
"203","SSD",5.01,NA,36.20000076,32.90000153,39.29999924,32.5,28.70000076,35.90000153,60.9,72.3,66.7,35.7,26000,42.28022766,54.25333786,3.466427326,10837527,10.89999962,11.19999981,10.69999981,NA,24.60000038,22.89999962,26.20000076,18.2504,NA
"204","SSF",5.110645733,13.21909876,NA,NA,NA,NA,NA,NA,58.17533077,69.52267533,63.98356588,32.37273669,NA,43.16088901,53.7456316,3.09347849,912212022,NA,NA,NA,21.50064657,NA,NA,NA,36.81249479,4.401335185
"205","SST",3.201350028,NA,NA,NA,NA,NA,NA,NA,39.02929954,47.61613347,43.45525915,25.07047659,NA,33.9510317,61.04496684,5.00398775,29076151,NA,NA,NA,16.62054256,NA,NA,NA,45.7595482,NA
"206","STP",4.145,NA,31.60000038,32,31.20000076,14.39999962,12.30000019,16.60000038,33.9,41.9,38,19.9,NA,41.6027832,54.95114136,3.445544243,188098,11.60000038,12.10000038,11.10000038,7.2,11.19999981,11.10000038,11.30000019,63.312,3.3
"207","SUR",2.292,211.9272727,8.800000191,7.699999809,9.899999619,5.800000191,5.400000095,6.199999809,16.2,20.8,18.5,11.7,NA,27.83041954,65.59646606,6.572741985,534541,4,3,5,10.2,5,4.199999809,5.800000191,70.12,NA
"208","SVK",1.34,85.06393678,NA,NA,NA,NA,NA,NA,5.6,6.9,6.3,3.9,1000,15.00325871,72.29344177,12.70326614,5407579,NA,NA,NA,NA,NA,NA,NA,54.7288,NA
"209","SVN",1.58,287.5396359,NA,NA,NA,NA,NA,NA,2.3,2.7,2.5,1.8,NA,14.15517712,68.79442596,17.05049515,2057159,NA,NA,NA,NA,NA,NA,NA,49.8998,NA
"210","SWE",1.91,82.47619048,NA,NA,NA,NA,NA,NA,2.1,2.5,2.3,1.6,NA,16.70770454,64.3801651,18.91213036,9519374,NA,NA,NA,NA,NA,NA,NA,85.3556,NA
"211","SWZ",3.407,NA,31,28.10000038,34.09999847,5.800000191,5,6.699999809,50.5,60.6,55.7,29.5,2000,38.04546738,58.5254097,3.429286242,1230985,10.69999981,11.19999981,10.10000038,35.8,0.800000012,1,0.5,21.2456,2.1
"212","SXM",1.7,NA,NA,NA,NA,NA,NA,NA,NA,NA,NA,NA,NA,NA,NA,NA,39088,NA,NA,NA,NA,NA,NA,NA,NA,NA
"213","SYC",2.4,29,NA,NA,NA,NA,NA,NA,10.3,12.1,11.2,8.3,NA,22.14665604,70.18377686,7.668482304,88303,NA,NA,NA,8.3,NA,NA,NA,54.0122,NA
"214","SYR",3.003,33.01685513,27.5,26.5,28.39999962,10.10000038,8.699999809,11.5,11,13.6,12.3,8.5,7000,35.35453415,60.70372772,3.941729307,22399254,17.89999962,18.10000038,17.79999924,6,11.5,10.5,12.5,56.4642,NA
"215","TCA",NA,NA,NA,NA,NA,NA,NA,NA,NA,NA,NA,NA,NA,NA,NA,NA,32427,NA,NA,NA,NA,NA,NA,NA,94.0736,NA
"216","TCD",6.375,NA,44.79999924,44.29999924,45.29999924,33.90000153,32.90000153,35,81.9,96.6,89.4,39.7,50000,48.51749802,49.04636383,2.436132193,12448175,4.400000095,4.400000095,4.5,29.4,16.10000038,14.89999962,17.10000038,21.9198,6.1
"217","TGO",4.695,0.429718876,29.79999924,27.79999924,31.60000038,16.5,14.39999962,18.39999962,55.6,68.2,62,32.6,15000,41.89191818,55.36802292,2.740026712,6642928,1.600000024,1.200000048,1.899999976,15.5,4.800000191,3.599999905,5.900000095,38.507,NA
"218","THA",1.412,162.1557107,15.69999981,15,16.5,7,7.099999905,6.900000095,9.8,12.9,11.4,8.1,8000,18.4662571,72.11873627,9.415007591,66785001,8,7.199999809,8.800000191,5.8,4.699999809,4.800000191,4.599999905,34.4908,NA
"219","TJK",3.819,54.2193087,39.20000076,37.20000076,41.09999847,15,14,15.89999962,43.5,54.3,49,23,13000,35.75149918,61.04970932,3.198792934,8008990,6.699999809,6.199999809,7.199999809,30.2,6.699999809,6.699999809,6.800000191,26.608,NA
"220","TKM",2.353,NA,28.10000038,NA,NA,10.5,NA,NA,37.6,51.7,44.8,21.9,5000,28.64845848,67.29890442,4.052634716,5172931,NA,NA,NA,5,7.099999905,NA,NA,49.0732,2.7
"221","TMP",5.3,NA,57.70000076,55.59999847,59.79999924,45.29999924,43.70000076,46.79999924,43.3,52.2,47.8,24.4,2000,46.33050919,50.45238113,3.216929197,1148958,5.800000191,5.699999809,6,38.3,18.89999962,17.39999962,20.39999962,28.7292,5.1
"222","TON",3.815,254.125,NA,NA,NA,NA,NA,NA,9.8,12.2,11.1,6.6,NA,37.32382965,56.8243103,5.845189095,104941,NA,NA,NA,NA,NA,NA,NA,23.5644,NA
"223","TTO",1.799,659.68,5.300000191,3.5,7,4.400000095,4.300000191,4.400000095,16.4,20.4,18.4,14.8,NA,20.72969246,70.51125336,8.758829117,1337439,4.900000095,6.199999809,3.799999952,7.6,5.199999809,4.599999905,5.800000191,13.9792,NA
"224","TUN",2.17,40.39567836,9,8,9.899999619,3.299999952,2.900000095,3.700000048,12.5,15.1,13.8,9.5,3000,23.22290421,69.69670868,7.080368042,10777500,8.800000191,9.199999809,8.5,5,3.400000095,3.299999952,3.599999905,66.5304,NA
"225","TUR",2.06,90.82758137,15.60000038,16.60000038,14.69999981,3.5,3.900000095,3.099999905,11,13.4,12.2,8.5,16000,26.00077629,66.74002838,7.259193897,73997128,9.100000381,7.5,10.60000038,5,1.100000024,0.600000024,1.5,72.3318,NA
"226","TUV",NA,NA,10,NA,NA,1.600000024,NA,NA,21.8,27.6,24.8,13.3,NA,NA,NA,NA,9860,6.300000191,NA,NA,NA,3.299999952,NA,NA,50.9752,NA
"227","TZA",5.287,6.573706897,42.5,39.20000076,45.90000153,16.20000076,14.60000038,17.79999924,34.8,40.5,37.7,21.4,69000,44.85217285,51.97664261,3.171189785,47783107,5.5,5,6,33,4.900000095,4,5.800000191,27.2058,4.7
"228","UGA",5.964,1.719407407,33.70000076,30.10000038,37.29999924,14.10000038,12.80000019,15.39999962,40.6,50,45.4,22.6,69000,48.54263306,49.02890778,2.428463697,36345860,3.799999952,3.099999905,4.5,30.1,4.800000191,4.800000191,4.800000191,16,4.5
"229","UKR",1.531,32.65818887,4.300000191,22.79999924,22.89999962,0.899999976,3.5,4.800000191,8.1,10.3,9.2,5,5000,14.17884445,70.51676178,15.30439854,45593300,26.5,25.5,27.29999924,NA,0.300000012,7.900000095,8.5,69.083,1.1
"230","UMC",1.887163376,218.5711701,8.443892,NA,NA,2.803719,NA,NA,14.7,17.4,16.1,10.2,603000,21.5479587,70.45402958,7.998011269,2390210774,6.586968,NA,NA,9.75728722,2.23589,NA,NA,60.67019699,NA
"231","URY",2.056,174.8542773,11.69999981,10.30000019,13.19999981,4.5,4.199999809,4.800000191,5.6,6.7,6.2,3.9,1000,22.04660416,63.9278717,14.02549362,3395253,7.699999809,7.599999905,7.800000191,6.2,1.100000024,1,1.100000024,92.635,NA
"232","USA",1.8805,120.4819218,3.900000095,3.200000048,4.5,1.299999952,0.899999976,1.600000024,5.5,6.6,6,4.1,25000,19.63286018,66.73801422,13.62912464,313873685,8,8.100000381,7.900000095,NA,0.600000024,0.400000006,0.800000012,82.625,NA
"233","UZB",2.53,205.935814,19.60000038,19.70000076,19.5,4.400000095,4.300000191,4.599999905,29.3,39.2,34.4,13.5,22000,28.8974514,66.8155899,4.286955357,29774500,12.80000019,12.5,13.10000038,5.7,4.5,3.700000048,5.300000191,36.292,NA
"234","VCT",2.021,NA,NA,NA,NA,NA,NA,NA,19.1,22.9,21.1,14.6,NA,25.70378494,67.46180725,6.834410667,109373,NA,NA,NA,5.5,NA,NA,NA,49.6976,NA
"235","VEN",2.417,177.2538462,13.39999962,NA,NA,2.900000095,NA,NA,11.4,14.8,13.1,8.5,8000,28.8359375,65.18350983,5.980547428,29954782,6.400000095,NA,NA,5,4.099999905,NA,NA,93.6956,NA
"236","VIR",1.8,NA,NA,NA,NA,NA,NA,NA,NA,NA,NA,NA,NA,20.61862373,64.14025879,15.24299717,105275,NA,NA,NA,NA,NA,NA,NA,95.571,NA
"237","VNM",1.768,310.4809694,23.29999924,23.20000076,23.39999962,12,12.10000038,11.80000019,15.8,20.8,18.4,12.4,26000,22.87194443,70.57751465,6.550544262,88772900,4.599999905,3.799999952,5.5,8.3,4.400000095,4.199999809,4.599999905,31.6782,1.6
"238","VUT",3.419,NA,25.89999962,20,31.20000076,11.69999981,9,14.10000038,13.7,16.9,15.3,8.8,NA,37.37371826,58.64548492,3.981202126,247262,4.699999809,4,5.400000095,8.1,5.900000095,5.5,6.199999809,25.2154,NA
"239","WBG",4.076,NA,11.80000019,11.19999981,12.30000019,2.200000048,2.299999952,2.200000048,17.7,20.7,19.2,12.8,2000,40.7035141,56.40467453,2.891790152,4046901,11.39999962,9.399999619,13.39999962,31.8,1.799999952,1.799999952,1.700000048,74.5702,NA
"240","WLD",2.468950595,133.4581399,24.748774,NA,NA,15.08069473,NA,NA,32.6,37,34.9,20.8,4801000,26.41512407,65.75640259,7.828472014,7043105591,6.68014796,NA,NA,13.77766229,7.79020442,NA,NA,52.54732996,NA
"241","WSM",4.212,2,NA,NA,NA,NA,NA,NA,13.8,16.7,15.3,7.2,NA,37.87939072,57.0234375,5.095585346,188889,NA,NA,NA,5,NA,NA,NA,19.6912,NA
"242","YEM",4.207,19.45778466,57.70000076,56.90000153,58.5,43.09999847,41.79999924,44.29999924,41.8,50.6,46.3,27,34000,40.71656799,56.46676636,2.816663027,23852409,5,5.300000191,4.599999905,28.8,15.19999981,13.60000038,16.79999924,32.9076,NA
"243","ZAF",2.412,53.21056411,23.89999962,30.5,35.20000076,8.699999809,9.600000381,13.60000038,29.3,37.2,33.3,15.3,37000,29.52565384,65.03159332,5.442748547,52274945,19.20000076,17.70000076,20.60000038,5,4.699999809,6.699999809,8.199999809,62.4276,NA
"244","ZAR",6.039,0.672205882,43.5,39.70000076,47.5,24.20000076,21.29999924,27.20000076,91.9,107.5,99.9,43.5,271000,45.11172867,52.04376602,2.844504118,65705093,4.900000095,4.699999809,5.099999905,NA,8.5,7.5,9.5,34.831,5.6
"245","ZMB",5.731,26.80810811,45.79999924,42.90000153,48.79999924,14.89999962,13,16.89999962,51.6,61.2,56.4,29.4,33000,46.7305336,50.63978577,2.629658222,14075099,8.399999619,8.199999809,8.600000381,43.1,5.599999905,5.199999809,6,39.6058,5.2
"246","ZWE",3.564,25.85317073,32.29999924,28.70000076,36,10.10000038,8.699999809,11.5,49,62,55.7,38.8,24000,40.24404144,55.81901932,3.936953545,13724317,5.800000191,5,6.699999809,30.5,3.099999905,2.599999905,3.700000048,39.1112,3.4
